column,value
2026,3.875
2026,3.875
2026,4.125
2026,4.125
2026,4.125
2026,4.125
2026,4.125
2026,4.125
2026,4.125
2026,4.125
2026,4.125
2026,4.125
2026,4.125
2026,4.125
2026,4.375
2026,4.375
2026,4.375
2026,4.375
2027,3.125
2027,3.625
2027,3.625
2027,3.625
2027,4.125
2027,4.125
2027,4.125
2027,4.125
2027,4.125
2027,4.125
2027,4.375
2027,4.375
2027,4.375
2027,4.375
2027,4.375
2027,4.375
2027,4.375
2027,4.375
2028,3.125
2028,3.125
2028,3.125
2028,3.125
2028,3.375
2028,3.625
2028,3.625
2028,3.625
2028,3.875
2028,3.875
2028,3.875
2028,3.875
2028,3.875
2028,4.125
2028,4.125
2028,4.125
2028,4.125
2029,2.875
2029,3.125
2029,3.125
2029,3.125
2029,3.125
2029,3.375
2029,3.375
2029,3.625
2029,3.625
2029,3.625
2029,3.625
2029,3.625
2029,3.625
2029,3.625
2029,3.875
2029,3.875
2029,3.875
Longer run,2.875
Longer run,3.0
Longer run,3.0
Longer run,3.0
Longer run,3.0
Longer run,3.0
Longer run,3.0
Longer run,3.125
Longer run,3.25
Longer run,3.25
Longer run,3.375
Longer run,3.5
Longer run,3.5
Longer run,3.625
Longer run,3.625
Longer run,3.75
Longer run,3.875
Longer run,3.875
